"Upper","Execution Time", "Core Count"
15000, 12.460000, 1
15000, 12.800000, 1
15000, 12.510000, 1
30000, 51.970000, 1
30000, 51.240000, 1
30000, 51.390000, 1
100000, 633.290000, 1
100000, 634.030000, 1
100000, 633.520000, 1
